Nom,Instagram,Pays,Ville,Catégorie,Popularité,Site,Note
04lowlife,04lowlife,International,,Streetwear,Petite,https://04lowlife.com,"boutique du projet lowlife (osquinn / Planet Zero), renvoie bien vers @04lowlife"
ALA TIANAN,alatianan,International,,"Luxe, Streetwear",Petite,https://alatianan.com,
Alexander Spade,alexander.spade,Europe,,"Alt, Streetwear",Moyenne,https://alexanderspade.com,
Beauzile,beauzile1804,Haïti,,Streetwear,Petite,,"rien trouvé, présence Instagram uniquement"
Betterme.studios,betterme.studios,International,,"Artiste, Streetwear",Petite,https://bettermestudios.store,"bettermestudios.store, à confirmer d'un coup d'œil"
Celÿne,celynestudio,Australie,Sydney,"Artiste, Streetwear",Petite,,"Instagram et TikTok uniquement, aucun domaine"
cloud,cloudclo.dk,Danemark,,Streetwear,Petite,https://cloudclo.dk,
Crayonné,crayonne.eu,France,,Streetwear,Petite,,"crayonne.eu n'est pas un site actif malgré le pseudo"
Customize509,customize509,France,Paris,Artiste,Petite,,"rien trouvé, présence Instagram uniquement"
D5OVE,d5ove5,International,,"Alt, Luxe, Streetwear",Petite,https://d5ove.com,
DIVICE,diivice,France,,Streetwear,Petite,https://divice.fr,
Double crazy,doublecrazy.official,International,,Streetwear,Moyenne,https://doublecrazy.com,
ENGINEERED BY ARYES,engineeredbyaryes,France,,Streetwear,Moyenne,https://shoparyes.fr,
Eudi,eudi.clothing,France,,Streetwear,Petite,https://eudi.shop,"eudi.shop, marque française de la Côte d'Émeraude"
Eye of the storm,ets___official,Viêt Nam,Hô Chi Minh-Ville,"Alt, Streetwear",Moyenne,https://etsofficial.com,"boutique Shopify en dongs, renvoie vers @ets___official"
FAMILY3.0,family3_0,France,,Streetwear,Moyenne,https://family3-0.com,
Full Chaos,fullchaos.official,Pologne,,Streetwear,Petite,,"rien trouvé, Chaos Gone Global est une autre marque polonaise"
Gained Not Given,gng.la,International,,Streetwear,Moyenne,https://gng.la,
GoodLou,goodlouu,Belgique,,"Artiste, Streetwear",Petite,https://goodlou.be,
Holy headen,holyheaden.in,International,,Streetwear,Grande,https://holyheaden.in,
HUNI,huniworldwide,Allemagne,Francfort,Streetwear,Grande,https://hunidesign.com,"HUNI Design, de Mona Thomas : @huniworldwide est bien son compte de marque"
IKIWAY,the.ikiway,Suède,Varberg,Streetwear,Petite,,"ikiway.com est un cabinet de recrutement, sans rapport"
inflorescence.clo,inflorescence.clo,Australie,Melbourne,Streetwear,Petite,https://inflorescence.clothing,
Insecure,insecuree.hu,Hongrie,,Streetwear,Petite,,insecuree.hu n'est pas référencé (à vérifier à la main)
Kidsaint,kidsa1nt,International,,"Alt, Artiste",Grande,https://kidsaint.com,"armures uniques faites de vêtements chinés, kidsa1nt.com mène au même endroit"
Pollen Fabrics,pollen.fabrics,France,,Streetwear,Moyenne,https://pollenfabrics.com,
Krux Lavarta,kruxlarvata,International,,Streetwear,Petite,,rien trouvé (les Krux existants sont du skate et du golf)
Kulture,_kulturewear,International,,Streetwear,Moyenne,https://kulturewear.xyz,"kulturewear.xyz, la seule des dix « Kulture » qui colle : à confirmer"
Lior blaq,liorblaq,Royaume-Uni,,Streetwear,Petite,,"les « Lior » trouvés sont du prêt-à-porter femme, sans rapport"
Logos by Berlin,logosbyberlin,Allemagne,,"Accessoire, Alt, Artiste, Punk, Streetwear",Petite,https://logosbyberlin.de,
Maison ACB,maisonacb,France,,"Artiste, Streetwear",Petite,,"rien trouvé, présence Instagram uniquement"
Maison de cozy,maisondecozy_,International,,"Bijoux, Luxe, Streetwear",Grande,https://maisondecozy.com,
Medusaboutik,medusaboutik,France,,"Artiste, Streetwear",Petite,,plusieurs boutiques « Medusa » sans lien avec @medusaboutik
Ncapped,ncapped,Royaume-Uni,Birmingham,Streetwear,Petite,https://ncapped.com,"marque de Birmingham et Londres, culture hip-hop et garage"
nolannfringue,nolannfringue,France,,"Artiste, Streetwear",Petite,,"rien trouvé, présence Instagram uniquement"
Nostalgique nightmares,nostalgic.nightmares_,International,,Streetwear,Petite,,"rien trouvé, présence Instagram uniquement"
NUIT D’ÉTÉ,nuitdete.co,France,,Streetwear,Moyenne,https://nuitdete.fr,
OILL,oill.ox,Allemagne,,Streetwear,Petite,https://oill-clothing.com,
OLD TIME FEVER,oldtimefever,France,,Streetwear,Moyenne,https://oldtimefever.com,
ongnastudios,ongnastudios,International,,"Luxe, Streetwear",Petite,https://ongna.com,"ongna.com (Toronto), ongna.in existe aussi"
Paranoid syrange,paranoidsyrange,États-Unis,,Streetwear,Moyenne,https://paranoidsyrange.us,
PERSONSOUL,personsoul.life,International,,"Alt, Streetwear",Grande,https://personsoul.com,
Pétale de l’âme,petales_de_l_ame,France,,"Artiste, Bijoux",Petite,,"@petales_d_ame existe mais c'est un autre pseudo : rien de sûr"
Phtmne,phtmne,Royaume-Uni,Londres,"Alt, Luxe",Moyenne,https://phtmne.com,"boutique en ligne avec archives, collaborations FPL x PHTMNE"
Pointer brand,pointer__brand,International,,Streetwear,Petite,https://pointer-brand.com,"à confirmer : la marque de workwear de 1913 s'appelle pareil mais appartient à L.C. King"
PROJECTISR,projectisr_official,International,,"Alt, Streetwear",Moyenne,https://projectisr.com,
PROTÉMOA,protemoa,International,,Alt,Moyenne,https://protemoa.com,
SilentBleed,silentbleedarchive,International,,Streetwear,Petite,,"rien trouvé, présence Instagram uniquement"
Smnrffice,smnrffice,France,,"Artiste, Streetwear",Petite,,"rien trouvé, présence Instagram uniquement"
State.of.self.apparel,state.of.self.apparel,International,,"Artiste, Luxe",Petite,,"stateofself.com est un site de développement personnel, sans rapport"
supraw,supraaaw,International,,Streetwear,Grande,https://supraw.com,supraw.com s'intitule « Triple Sphere — Supraw » : même maison que Triple sphere
INNOR,innor.studio,International,,Streetwear,Petite,,"innor.studio n'est pas un site actif malgré le pseudo"
MOJA CLOTHING,mojaclothingg,États-Unis,,Streetwear,Petite,,une demi-douzaine de marques « Moja » sans lien avec @mojaclothingg
AAMIL,aamilclothing,Royaume-Uni,,Streetwear,Moyenne,https://aamilclothing.co.uk,
notifhcity,notifhcity,France,,Streetwear,Petite,https://notifh.city,"marque française vendue uniquement en ligne, livraison mondiale"
HOD,hod_paris,France,,Casual wear,Grande,,"hodparis.com est une autre marque (prêt-à-porter femme, @hodparisofficiel)"
WICK,wickmonsters,International,,Streetwear,Grande,https://wickmonsters.com,
FLOWZ,flowzz.z,France,,"Accessoire, Streetwear",Petite,,"flowzz.com est un comparateur de pharmacies allemand, sans rapport"
4Weeks Collection,4weeks_collection,France,,"Streetwear, Womenswear",Petite,https://4weekscollection.com,
7AGAPAO,7agapao,International,,Streetwear,Petite,https://7agapao.com,
ADMA,adma_officiel,France,,"Accessoire, Streetwear, Womenswear",Moyenne,https://adma-shop.com,"maroquinerie française en cuir vegan : cohérent avec le rayon accessoire, à confirmer"
Artifice.,artifice.original,France,,Streetwear,Grande,https://artifice.store,"marque de Baptiste, pièces en tapisserie : artifice.clothing est une autre marque"
VeesClothing,veesclothing__,États-Unis,,Streetwear,Grande,https://veesclothing.com,"streetwear inspiré de l'animation japonaise, aussi distribué par Levels SF"
HOWSS,howss.studio,États-Unis,,Streetwear,Grande,https://howss.co,
Sxeppa,sxeppas,International,,Streetwear,Petite,https://sxeppa.com,
Syxed,syxed,Suisse,,Streetwear,Moyenne,https://syxed.com,
Triple sphere,triple.sphere,International,,Streetwear,Moyenne,https://supraw.com,"supraw.com s'intitule « Triple Sphere — Supraw » : même maison que supraw, à fusionner"
v2byvelare,v2byvelare,International,,Streetwear,Moyenne,https://velarestudio.com,"velarestudio.com, à confirmer d'un coup d'œil"
vanden.paris,vanden.paris,France,Paris,"Bijoux, Streetwear",Petite,https://vanden.paris,
Wessence,wessence.insideyou,International,,Streetwear,Petite,https://wessence.store,
Whodaatboi,whodaatboi,France,,"Artiste, Streetwear",,,"rien trouvé, présence Instagram uniquement"
Your cult,your.cult,France,,"Artiste, Womenswear",Petite,https://yourcult.fr,"marque française à message, collections reversant une part à ECPAT France"
Yyildiz,yyildizco,International,,"Old money, Streetwear",Moyenne,https://yyildiz.com,
Zizou,zizou.eu,International,,Streetwear,Moyenne,https://zizouclothing.com,
ZOAV,zoav_clothing,France,Saint-Étienne,Streetwear,Petite,https://shop.zoav.net,site en JavaScript pur : le catalogue ne peut pas être lu automatiquement
PEOPLESENSE,_peoplesense_,International,,Streetwear,Moyenne,https://peoplesense.shop,
doomed.blxssm,doomed.blxssm,France,,"Alt, Artiste",Petite,,"les « Doomed » trouvés sont une marque de BMX britannique, sans rapport"
2.visages,2.visages,France,,Streetwear,Petite,https://deuxvisages.fr,"« 2visages », boutique française en ligne"
